{"hyperparameters": {"learning_rate": 7.75e-05, "dropout": 0.7875000000000001}, "score": 0.7656666666666667, "depth": 4}